file,row_id
489-1.jpg,489
489-2.jpg,489
489-3.jpg,489
489-4.jpg,489
489-5.jpg,489
489-6.jpg,489
488-1.jpg,488
488-2.jpg,488
488-3.jpg,488
488-4.jpg,488
488-5.jpg,488
488-6.jpg,488
487-1.jpg,487
487-2.jpg,487
487-3.jpg,487
487-4.jpg,487
487-5.jpg,487
486-1.jpg,486
486-2.jpg,486
486-3.jpg,486
486-4.jpg,486
486-5.jpg,486
485-1.jpg,485
485-2.jpg,485
485-3.jpg,485
485-4.jpg,485
485-5.jpg,485
485-6.jpg,485
484-1.jpg,484
484-2.jpg,484
484-3.jpg,484
484-4.jpg,484
484-5.jpg,484
484-6.jpg,484
483-1.jpg,483
483-2.jpg,483
483-3.jpg,483
483-4.jpg,483
483-5.jpg,483
482-1.jpg,482
